{"train": [5.787541220144566, 5.6429599408381295, 5.596166762608461, 5.56557395128295, 5.5343338540577705], "val": [5.641552150249481, 5.560112571716308, 5.549356865882873, 5.523410212993622, 5.501692700386047]}